{"count":1,"self":24.4074624,"total":25.106942399999998,"children":{"InitializeActuators":{"count":8,"self":0.0029931,"total":0.0029931,"children":null},"InitializeSensors":{"count":8,"self":0.0059822999999999994,"total":0.0059822999999999994,"children":null},"AgentSendState":{"count":989,"self":0.3393636,"total":0.6286204,"children":{"CollectObservations":{"count":1584,"self":0.23142059999999998,"total":0.23142059999999998,"children":null},"WriteActionMask":{"count":1584,"self":0.0089646999999999991,"total":0.0089646999999999991,"children":null},"RequestDecision":{"count":1584,"self":0.0309282,"total":0.0488715,"children":{"RayPerceptionSensor.Perceive":{"count":1584,"self":0.0179433,"total":0.0179433,"children":null}}}}},"DecideAction":{"count":989,"self":0.028957899999999998,"total":0.028957899999999998,"children":null},"AgentAct":{"count":989,"self":0.030930799999999998,"total":0.030930799999999998,"children":null}},"gauges":{},"metadata":{"timer_format_version":"0.1.0","start_time_seconds":"1701122939","unity_version":"2020.3.40f1","command_line_arguments":"C:\\Users\\mashi\\Downloads\\Unity\\2020.3.40f1\\Editor\\Unity.exe -projectpath C:\\Users\\mashi\\Desktop\\VSCode\\python\\COGS300Tournament\\FullProject -useHub -hubIPC -cloudEnvironment production -licensingIpc LicenseClient-mashi -hubSessionId 72fed2d5-a2fd-4a62-8aec-7027e7c86b4e","communication_protocol_version":"1.5.0","com.unity.ml-agents_version":"2.0.1","scene_name":"AgentTraining 1","end_time_seconds":"1701122964"}}