{"count":1,"self":52.592383999999996,"total":54.696314099999995,"children":{"InitializeActuators":{"count":2,"self":0.0029920999999999997,"total":0.0029920999999999997,"children":null},"InitializeSensors":{"count":2,"self":0.00399,"total":0.00399,"children":null},"AgentSendState":{"count":2467,"self":0.28706139999999997,"total":0.3525313,"children":{"CollectObservations":{"count":988,"self":0.038514599999999996,"total":0.038514599999999996,"children":null},"WriteActionMask":{"count":988,"self":0.0019998999999999998,"total":0.0019998999999999998,"children":null},"RequestDecision":{"count":988,"self":0.0249554,"total":0.0249554,"children":null}}},"DecideAction":{"count":2467,"self":1.5726814999999998,"total":1.5806677,"children":{"RayPerceptionSensor.Perceive":{"count":988,"self":0.0079861999999999989,"total":0.0079861999999999989,"children":null}}},"AgentAct":{"count":2467,"self":0.1617527,"total":0.1617527,"children":null}},"gauges":{},"metadata":{"timer_format_version":"0.1.0","start_time_seconds":"1700633557","unity_version":"2020.3.40f1","command_line_arguments":"C:\\Users\\mashi\\Downloads\\Unity\\2020.3.40f1\\Editor\\Unity.exe -projectpath C:\\Users\\mashi\\Desktop\\VSCode\\python\\COGS300Tournament\\FullProject -useHub -hubIPC -cloudEnvironment production -licensingIpc LicenseClient-mashi -hubSessionId 72fed2d5-a2fd-4a62-8aec-7027e7c86b4e","communication_protocol_version":"1.5.0","com.unity.ml-agents_version":"2.0.1","scene_name":"AgentTesting","end_time_seconds":"1700633612"}}